Word,First_Cosine_Similarity,First_Wasserstein_Distance,First_Rank_Stability,First_Temporal_Jaccard,First_Most_Common_POS,First_First_Guess,First_Prediction_Diversity,First_Temporal_KL_Divergence,First_First_Guess_Consistency,First_Distribution_Compression,First_Content_Score
nightly,0.3756560600462789,0.0008454270486733313,11045.777777777777,0.14814814814814814,ADJ,daily,0.64,12.650121867992032,0.6,3.437436265981532,0.838658731875239
nightmare,0.4436909020310721,0.0009454437977779498,14179.555555555555,0.1419753086419753,NOUN,nightmare,0.68,13.261889939054658,0.7,3.2201063630631657,0.9376817623618348
nightmares,0.7633827738026151,0.0011874961938591968,9364.444444444445,0.15740740740740738,NOUN,nightmares,0.6,11.013553174503052,1.0,2.8767197205893194,0.8845613414964306
nightmarish,0.2419389073774404,0.0009503388344264589,10309.111111111111,0.037037037037037035,ADJ,fucking,0.62,13.941703637897426,0.4,3.4875349207733506,0.9487441318400845
nights,0.7950209909067615,0.0021343897593656103,5413.111111111111,0.2544091710758377,NOUN,nights,0.44,7.115756671737533,0.8,2.5005154828260894,0.9354253720993231
nighttime,0.4090433414444208,0.0009881914614155206,12174.0,0.13271604938271606,NOUN,night,0.62,13.365212522798878,0.6,3.3489575795179776,0.9013100904180883
niglet,0.31341918501933164,0.0008513255728754635,10329.333333333334,0.07716049382716049,NOUN,child,0.6,12.601200603387769,0.4,3.4337643794535375,0.9349703227475403
niglets,0.677398152112284,0.001415598910637825,7708.888888888889,0.300705467372134,NOUN,kids,0.52,9.705374334318334,0.7,3.022200551774465,0.9128487103502131
nigs,0.37928536287489706,0.0008544095532967067,9787.777777777777,0.16049382716049385,NOUN,blacks,0.56,12.053461783487649,0.5,3.2949562535108,0.7655274241956864
nihilism,0.2893209634429753,0.0005437751917622236,13247.777777777777,0.09259259259259259,NOUN,atheism,0.68,14.30186771444552,0.3,3.588150258001094,0.9143342045672869
nihilist,0.16417679218600145,0.0007353836486501306,11887.555555555555,0.059964726631393295,NOUN,person,0.76,15.623365459554122,0.3,3.4717811642842813,0.8588110294286715
nihilistic,0.1434238145699168,0.000626918091014737,14794.888888888889,0.012345679012345678,ADJ,depressed,0.82,15.485165140896063,0.1,3.606383714382511,0.8442123791078922
nihilists,0.4654713618135669,0.0013378458937317714,7032.222222222223,0.27425044091710754,NOUN,people,0.52,11.504854672971192,0.5,3.3139129586183076,0.8992432346861513
nike,0.1811010950448018,0.0006099698825535978,13492.888888888889,0.037037037037037035,NOUN,yourself,0.82,15.521684786966894,0.2,3.6284548104890844,0.7485791211810262
nikki,0.46562072907382834,0.0018973084361945103,5506.666666666667,0.2464726631393298,PROPN,bill,0.38,9.864382727630066,0.4,3.1616434487274345,0.7238349196358368
nikola,0.5331756600117725,0.002032055022064907,6447.333333333333,0.19268077601410932,PROPN,the,0.5,10.144120859967158,0.7,3.119492472907782,0.5237167213145961
nile,0.5672338386172185,0.0010796666456726672,7372.222222222223,0.23897707231040563,NOUN,river,0.54,9.853086368705057,0.4,3.2839407164789605,0.9627401966681901
nimrod,0.22245069861899955,0.0011280210323207306,9087.111111111111,0.04938271604938271,NOUN,</s>,0.68,14.566858895783165,0.2,3.4329386773087207,0.8214912214472575
nine,0.591498815324418,0.001962281637437724,2863.1111111111113,0.19135802469135804,NUM,nine,0.48,7.21253254077736,0.4,3.1577376089293425,0.9199221868970818
ninja,0.2601482849998409,0.0005569194105012544,15997.777777777777,0.08950617283950618,NOUN,ninja,0.72,15.69522926108955,0.5,3.5334283676121303,0.8590270306368282
nintendo,0.27304257382242575,0.0007967229313170271,11753.777777777777,0.10934744268077602,NOUN,work,0.6,12.854858530953852,0.2,3.5072375330520273,0.7754465060225646
nipple,0.2020516215955228,0.0007603856588174658,12291.777777777777,0.06481481481481481,NOUN,nipple,0.78,14.473503043548732,0.4,3.512227106426715,0.8989808315912148
nipples,0.30800962829184125,0.0009086434312047269,7753.555555555556,0.07716049382716049,NOUN,nipples,0.62,12.557464203687955,0.4,3.2500310188491612,0.9034983218719876
nippon,0.19978253649918756,0.00064400859004765,13977.333333333334,0.09700176366843033,NOUN,</s>,0.7,15.209488505078955,0.2,3.5225952727520644,0.7265425984109187
nips,0.3024259215990436,0.0009181163927340812,10984.0,0.1371252204585538,NOUN,they,0.62,13.453289402753335,0.3,3.428375916983666,0.7783074083197908
nirvana,0.17462306611956785,0.0008439676482472388,12132.444444444445,0.06481481481481481,NOUN,it,0.66,15.323156288018627,0.2,3.51211847529186,0.7776555091927951
nissan,0.27006694611638593,0.0009728474337683495,9667.111111111111,0.0617283950617284,NOUN,Nissan,0.62,13.312805418119332,0.4,3.496781998442188,0.8491957322899111
nitrogen,0.5362968404227484,0.0010593633571300447,8928.888888888889,0.11419753086419752,NOUN,nitrogen,0.58,11.460301255923529,0.7,3.0539590530043146,0.8941625508154256
nixon,0.6482124471994016,0.001632789923957238,7438.444444444444,0.16181657848324515,NOUN,trump,0.6,10.77442531787056,1.0,3.008153620018339,0.71717919201009
noah,0.5503005474829297,0.0014628023878951527,6331.111111111111,0.2433862433862434,NOUN,Noah,0.52,10.348080458929259,0.6,3.0705360294098822,0.7302971442890537
noahs,0.8342532968175912,0.0038014260906496906,2002.6666666666667,0.3492063492063492,PRON,the,0.28,6.321596595268676,0.9,2.5639983966448288,0.3577216253231517
nobel,0.9361455699737472,0.0015987845101052842,3867.1111111111113,0.22354497354497355,NOUN,Nobel,0.56,6.363788334677623,1.0,2.1043877262521,0.9074846899049241
nobility,0.19788185915463977,0.0008051827583270586,11864.666666666666,0.08950617283950618,NOUN,nobility,0.72,14.985536289998846,0.4,3.4732274983185407,0.9492626842590963
noble,0.16480853795876527,0.0006140257815051314,14929.555555555555,0.04938271604938271,ADJ,noble,0.74,16.20740727924118,0.2,3.526245717666871,0.9146091946074468
nobles,0.2951279035333437,0.0006765026690482798,10138.666666666666,0.0617283950617284,NOUN,people,0.64,12.834480050490964,0.5,3.383150702204513,0.9286452866640321
nobodies,0.535240698702149,0.0009386934281192376,12880.666666666666,0.12654320987654322,NOUN,people,0.66,13.404283806005122,1.0,3.3032427971933713,0.8216033204398283
nobody,0.8769772527908704,0.0037473805195585596,1896.4444444444443,0.2940917107583775,PRON,nobody,0.44,4.657371020443631,1.0,2.0547205136427555,0.2702332089148268
nobodys,0.5286684911889057,0.0021454757792868494,3458.0,0.2985008818342152,PRON,nobody,0.32,6.696937924293038,0.3,2.9775383406893217,0.39196516889660904
noch,0.5520928715169717,0.002157166187118635,1782.0,0.23104056437389767,PROPN,so,0.4,7.627939701629034,0.4,2.973118068535884,0.8165451955444082
nodding,0.617618751231155,0.0015008914310027121,8925.777777777777,0.21252204585537918,VERB,nodding,0.44,10.668510413998364,0.9,2.8732091024129263,0.905660297468662
node,0.37776717898469975,0.001008054579639248,9510.0,0.1450617283950617,NOUN,node,0.52,12.196348326545927,0.6,3.244973546915633,0.9261640196728654
nodes,0.7641252276496212,0.001200221276553158,8981.333333333334,0.1419753086419753,NOUN,nodes,0.62,11.081938922202632,1.0,2.908470091361204,0.9385530129605696
nods,0.41736118074244055,0.0008479087677906264,12356.222222222223,0.14814814814814817,NOUN,nods,0.56,12.843076978443877,0.7,3.3361590526991245,0.9007742594130267
noes,0.7773859588052295,0.004116411734826319,1166.0,0.29850088183421514,PRON,no,0.34,5.835264044924784,0.9,2.5790661208239114,0.48278743423129133
noggin,0.6405128334207486,0.0018180414168274936,5191.555555555556,0.3800705467372134,NOUN,memory,0.32,7.064156410284378,0.4,2.8761858098814463,0.9596613415085429
nogs,0.32824389798556897,0.0009081287519622193,9266.666666666666,0.15255731922398588,NOUN,people,0.64,12.093055374412605,0.3,3.2809204903039144,0.8032607441139004
noice,0.43004399429717044,0.0010632125362403449,9967.777777777777,0.1728395061728395,NOUN,</s>,0.66,13.109508567953219,0.8,3.3845764858112317,0.9025500165114353
noise,0.6204649651892157,0.0012068624766708,13459.333333333334,0.16181657848324515,NOUN,noise,0.62,12.02856576192901,1.0,3.0005747786421186,0.964926228588699
noises,0.6359636359307133,0.001788654775096308,6211.777777777777,0.2544091710758377,NOUN,noises,0.5,9.549062987911222,0.9,2.961299327381821,0.9634263178353724
noisy,0.22342766020003,0.0005820912533076368,12239.777777777777,0.08950617283950618,ADJ,loud,0.74,14.831690230352503,0.5,3.568376288147756,0.9341143852898959
nomad,0.15858662796943424,0.0007354048828910742,13837.333333333334,0.037037037037037035,NOUN,and,0.72,15.590611055309555,0.3,3.6188594136420944,0.8462737162918753
nomadic,0.23289283150605591,0.0006876418500242424,12261.777777777777,0.05246913580246913,ADJ,the,0.76,13.935397632995567,0.4,3.5104138247720917,0.7726848967302964
nomads,0.5811004058322882,0.0010083924748453686,8317.333333333334,0.20811287477954143,NOUN,people,0.48,11.114285001545298,0.9,3.2157492980537308,0.9111453164587081
nominal,0.21870252447753533,0.0006076526937586276,13481.111111111111,0.07716049382716049,ADJ,small,0.66,15.63498032030766,0.2,3.5119648737170075,0.8514701773089719
nominally,0.2509758086530426,0.0006644238364716384,10805.555555555555,0.05246913580246913,ADV,not,0.7,13.108656321786736,0.2,3.5807880520038124,0.5915691600632932
nominate,0.5784401595452701,0.0012274046488000964,5875.777777777777,0.17724867724867727,VERB,nominate,0.52,9.807707811811591,0.9,3.063719468004616,0.8597311949288621
nominated,0.6120187370447641,0.0012592354422253137,10218.222222222223,0.1728395061728395,VERB,nominated,0.6,12.199893275170163,0.8,3.0802449589710204,0.8792150954018065
nomination,0.8835879508123671,0.0012825514863289878,4839.333333333333,0.3139329805996473,NOUN,nomination,0.44,7.107759414682137,1.0,2.597805318870415,0.9700801147422524
nominee,0.849459425410815,0.002058139377575272,2880.222222222222,0.4153439153439153,NOUN,nominee,0.38,5.5276318793388715,0.8,2.4504863638350605,0.9851509104725207
nonbinary,0.35235031711107906,0.001191995262902531,9052.222222222223,0.20370370370370372,ADJ,queer,0.52,13.276689669373063,0.4,3.4156043567399563,0.8496808688725779
nonblack,0.9422977568713704,0.004407866807072621,554.0,0.6507936507936507,ADJ,white,0.16,2.206930631468512,0.7,2.2646127165003227,0.8804735605034828
nonce,0.1383193489180193,0.0005914659848317622,12087.333333333334,0.037037037037037035,NOUN,know,0.82,15.817691691999572,0.3,3.5459005587730337,0.8974724118558074
nonces,0.2850597628392509,0.0006819001817735754,10450.0,0.10185185185185183,NOUN,people,0.64,13.570729061514482,0.4,3.437927809902797,0.8532407574123791
none,0.8627258048955545,0.0023947441083632445,2843.777777777778,0.34700176366843033,NOUN,none,0.38,5.336494948571168,1.0,2.2177923019860866,0.7555478224761577
nonetheless,0.4613643811413078,0.0014090394597174741,5105.777777777777,0.19135802469135804,ADV,nonetheless,0.46,10.258086221598875,0.4,3.0985335470158955,0.4548023235068663
nonexistant,0.2204026652529163,0.000695780621532858,11278.0,0.08024691358024691,ADJ,no,0.62,14.380138359255021,0.4,3.5986387215073714,0.8857127953023826
nonexistence,0.582272946892707,0.0012406609925945328,5092.222222222223,0.2125220458553792,NOUN,existence,0.34,8.95266226378854,0.6,3.1907580282637182,0.8699385124411991
nonexistent,0.25852030545230686,0.000673195386981856,12689.111111111111,0.12962962962962965,ADJ,zero,0.56,13.879573247535962,0.3,3.5220145728421164,0.8470431460850856
nonhuman,0.29771317262866565,0.001407845981472808,6495.333333333333,0.1402116402116402,ADJ,other,0.46,11.855849028204258,0.2,3.5890542539690635,0.8693688518687036
nonissue,0.7861466980473164,0.0024083023448604355,1723.3333333333333,0.4616402116402116,NOUN,joke,0.24,5.79090176894293,0.9,3.1583089790318484,1.0
nono,0.4019296412972724,0.0016024756857114274,6510.222222222223,0.19268077601410932,NOUN,no,0.52,12.311643490795523,0.6,3.1576266875037335,0.6926780183175526
nonono,0.44729955076628525,0.0017170275702006214,3732.8888888888887,0.12962962962962962,INTJ,no,0.54,10.680370585817233,0.8,3.167447997047225,0.6693385069827154
nononono,0.5642009791067268,0.0016472372729195062,2457.3333333333335,0.26322751322751325,INTJ,no,0.4,8.898729681423497,0.7,3.1851417812411027,0.6553648647147448
nonprofit,0.5944738942370975,0.001534484604427469,5635.555555555556,0.20370370370370372,NOUN,nonprofit,0.5,9.921883187213961,0.9,3.0480518520358566,0.8711554982879667
nonreligious,0.6167870604753758,0.002758264651695456,2317.777777777778,0.2896825396825397,ADJ,secular,0.26,7.103698533158706,0.6,3.1633983028845374,0.895862219958825
nonsense,0.3048963003186358,0.0007023334329110468,12936.0,0.12786596119929453,NOUN,bullshit,0.58,14.386098631797491,0.4,3.351615911775357,0.8604427000905558
nonsensical,0.2705499250548606,0.0007359482121910689,12125.111111111111,0.08950617283950618,ADJ,a,0.7,13.503356122178847,0.2,3.552208758840263,0.8619909140953492
nonstop,0.12874670853154077,0.0007163364463824945,13126.444444444445,0.0,ADV,blood,0.92,15.661455833459172,0.2,3.511552395723516,0.6186445381307224
nonviolent,0.2936674541372979,0.0006747765912392978,11554.888888888889,0.10493827160493827,ADJ,peaceful,0.54,14.302062131591274,0.4,3.5932758189167764,0.882656282023434
nonwhite,0.32997545577920184,0.001143779647548659,11589.777777777777,0.12477954144620812,ADJ,white,0.62,13.623808124535877,0.3,3.2759200692170447,0.7963485117501242
nonwhites,0.5212926766244844,0.0010191146386507488,7813.777777777777,0.23897707231040569,NOUN,blacks,0.48,10.806111771299944,0.5,3.228829699435748,0.8134330108739377
noob,0.13260888049564673,0.0005679871092594517,12238.222222222223,0.037037037037037035,NOUN,</s>,0.78,16.111443911413645,0.2,3.4405870797133042,0.8595889168498116
noobs,0.3718852375151695,0.0008257969720866133,10389.111111111111,0.1834215167548501,NOUN,people,0.56,13.461432151595018,0.6,3.4638409687382206,0.7829784822451903
nood,0.6619877604989759,0.00240995372068435,1827.111111111111,0.4616402116402116,NOUN,y,0.26,7.855392921634701,0.4,2.726162172314347,0.5239572223222845
noodle,0.11012055454711916,0.0006183719156655982,15992.444444444445,0.04938271604938271,NOUN,one,0.76,16.747740532018852,0.2,3.578445520576758,0.898994676915911
noodles,0.3813080948760537,0.0011118915371772875,10403.333333333334,0.07407407407407408,NOUN,noodles,0.7,13.519250955646251,0.6,3.3667147170478615,0.9204259363500398
nook,0.3410245346033779,0.0009406834906407485,10862.888888888889,0.18342151675485008,NOUN,corner,0.56,12.574659853693245,0.2,3.4187384023428464,0.8776274507924351
nooks,0.18746148345303842,0.0008565644001261649,11012.666666666666,0.04938271604938271,NOUN,war,0.64,14.550540321790502,0.2,3.430109444338721,0.7585840021757722
noon,0.6313304739612453,0.0012454304591294255,4472.666666666667,0.22354497354497355,NOUN,noon,0.52,9.187289523084738,0.8,3.0818411778555292,0.8440548904496655
noone,0.8955334961409416,0.003224287763550908,1964.2222222222222,0.2544091710758377,PRON,nobody,0.4,4.6706357038112065,1.0,2.0832866162485186,0.2204315477154176
noose,0.42743346438155766,0.0007881848480579324,13469.777777777777,0.18827160493827164,NOUN,knot,0.62,13.395910298175249,0.6,3.347784793812184,0.9564342186128462
nope,0.5279355200735132,0.0013485756409973985,4892.444444444444,0.12962962962962965,ADV,no,0.56,8.830841467031396,0.6,3.2489872785959775,0.689158129220229
norad,0.24624866365894574,0.001197908053183134,8611.333333333334,0.0617283950617284,NOUN,night,0.72,13.110075739526824,0.3,3.5211510627587317,0.6654862859635458
nord,0.3506596799170236,0.0008187611324566279,9391.333333333334,0.12962962962962962,NOUN,the,0.6,13.016865457340858,0.5,3.312042049077913,0.761866149160831
nordic,0.39351779666804654,0.0009212771973191983,9098.888888888889,0.19268077601410932,ADJ,white,0.62,11.936112095771104,0.4,3.4208212025381735,0.8010800853517577
nordics,0.2980499028328722,0.001359827340347518,7516.888888888889,0.06481481481481481,NOUN,they,0.68,11.545048967973514,0.3,3.3487813075982493,0.7708085035938754
nords,0.4179394793637781,0.0008117487835155912,7728.888888888889,0.12477954144620812,NOUN,they,0.48,11.130927769166036,0.6,3.4067031341233345,0.7145381327978308
norf,0.31639848452262254,0.0009252734613068016,12632.888888888889,0.12477954144620812,NOUN,the,0.64,13.50570132220576,0.4,3.4985441385425475,0.7861198417231907
norfolk,0.7769392137064552,0.0013060506101002505,8867.333333333334,0.1728395061728395,PROPN,the,0.56,10.592730537540772,1.0,2.8330437343806687,0.48612851449851985
norks,0.25051080539745146,0.0008403558142125592,9616.444444444445,0.08641975308641975,NOUN,they,0.62,13.181823392080947,0.3,3.5232612432947987,0.7858250746589961
norm,0.8094314070893814,0.0014533805092548867,7053.777777777777,0.20811287477954143,NOUN,norm,0.6,8.832362212798778,1.0,2.6962712617826194,0.9701394238516234
normal,0.45184735744084137,0.0008082752212853709,10889.555555555555,0.15740740740740738,ADJ,normal,0.64,12.528437735866625,0.8,3.2830108842331915,0.8756830323339274
normalcy,0.3018441559076236,0.0006594927645430368,12406.444444444445,0.11728395061728393,NOUN,normal,0.6,13.623531369829658,0.3,3.429496083110196,0.8811495269544395
normality,0.38604149802131144,0.0007651332806586789,11894.888888888889,0.1728395061728395,NOUN,normal,0.64,13.494478144748173,0.7,3.494873446753059,0.8765365461992307
normalization,0.22190298755069407,0.0007433083076321091,15142.0,0.11243386243386243,NOUN,acceptance,0.6,14.942535925148459,0.2,3.50866400699028,0.9361797740354243
normalize,0.34263462907942965,0.0009363438915517158,9236.0,0.07716049382716049,VERB,justify,0.5,11.937816279619021,0.3,3.4579586754057714,0.9343338209010277
normalized,0.12615104455613532,0.0005762550745267991,17937.333333333332,0.024691358024691357,VERB,normal,0.76,15.918841636557536,0.2,3.556278771142624,0.8884460455923737
normalizing,0.19467984268205654,0.0008970076092570788,13870.888888888889,0.0617283950617284,VERB,doing,0.68,14.870183955996636,0.2,3.4604285828768804,0.7054162451227219
normally,0.4710047155608985,0.0013492224824302298,6738.666666666667,0.17592592592592593,ADV,normally,0.6,11.173317349771342,0.6,3.161468315107908,0.598068079046316
normals,0.5199831512867868,0.0018164247222341614,7237.111111111111,0.20370370370370372,NOUN,people,0.46,10.58065785670616,0.6,3.123652648721429,0.6615561205550831
norman,0.31926719016776245,0.0009155100532771196,10460.444444444445,0.12962962962962962,ADJ,english,0.64,12.612251215788055,0.4,3.461977365358345,0.8229110405975952
normandy,0.5129490524842929,0.0010997102807305047,9084.666666666666,0.19268077601410932,NOUN,Normandy,0.52,11.872829834362625,0.9,3.2860398097123467,0.8430497352479829
normans,0.27523369700508593,0.0006933443080179095,9606.0,0.10185185185185183,NOUN,people,0.56,14.073756881284945,0.3,3.3266327594620413,0.781949516157739
normie,0.17695804761011913,0.0005827767236375894,15887.111111111111,0.04938271604938271,ADJ,the,0.78,15.153257933116931,0.4,3.555980236512737,0.8240204178864892
normies,0.7135450271570294,0.002253335288214352,6365.111111111111,0.26763668430335097,NOUN,people,0.5,8.395244990464638,1.0,2.8566466579152037,0.681865970126087
norms,0.6731747805369448,0.0013026367353977677,8085.111111111111,0.14638447971781304,NOUN,norms,0.64,11.088399227160474,1.0,3.0747575105749037,0.9772789125880441
norse,0.3767259839078085,0.000953410502637999,8293.111111111111,0.16181657848324515,ADJ,english,0.5,11.54166867752568,0.4,3.3741391481682492,0.8562499042118009
north,0.8673227672277088,0.002148570441053319,2799.5555555555557,0.32936507936507936,NOUN,north,0.48,5.7443514828005435,0.9,2.4211756101702795,0.8595503366213194
northeast,0.6391775073275191,0.001376017382411267,5128.222222222223,0.3558201058201058,NOUN,south,0.4,8.222988054130678,0.7,3.0201742236705655,0.9332971876704421
northeastern,0.6581172132165636,0.00166849879923548,3846.4444444444443,0.46825396825396826,ADJ,the,0.3,7.618924305057992,0.4,2.9697554984634307,0.8347437572146876
northern,0.5106471869237751,0.0014632260054320478,6717.555555555556,0.17592592592592593,ADJ,northern,0.48,9.584434919724565,0.3,3.1752857209874583,0.8338447944132984
northerners,0.4745764079515993,0.0010145460981253246,7816.666666666667,0.19268077601410935,NOUN,people,0.48,10.256774871556722,0.4,3.240803221079402,0.8310557624451732
northwest,0.5358777518128726,0.001201912898135144,5791.777777777777,0.3051146384479717,NOUN,south,0.46,9.191796733210724,0.4,3.2027212441661623,0.9142009497128865
northwestern,0.513359242004817,0.0020465568708115884,3844.6666666666665,0.17592592592592593,ADJ,western,0.38,9.262899168144468,0.4,3.051700649145336,0.8815379559782206
norway,0.4226911209983981,0.0009064710828684219,7183.555555555556,0.17548500881834217,PROPN,Norway,0.6,11.573452708556992,0.3,3.292126298711266,0.8125566181030136
norwegian,0.24751467699527888,0.0006759116321115185,13016.222222222223,0.08950617283950618,ADJ,english,0.64,13.766424803987011,0.3,3.472805051603978,0.8597394852978967
norwegians,0.4956310002630883,0.001471512915493381,7688.222222222223,0.19576719576719576,NOUN,english,0.52,10.450300414132004,0.4,3.190967674387531,0.8008592288344328
nose,0.5204590638349332,0.0011647124545320748,11899.777777777777,0.1419753086419753,NOUN,nose,0.74,12.46659259213058,0.8,3.172212531404997,0.9222789577752663
nosed,0.6369757183528155,0.0020437029315743824,4234.444444444444,0.2742504409171076,NOUN,oted,0.48,8.322655871116151,0.6,2.8958089531074784,0.8945443735822218
noses,0.3827631662231035,0.001053134556629187,9404.666666666666,0.12037037037037039,NOUN,noses,0.58,11.708254546735217,0.6,3.2235489557955304,0.9355680721279729
nostalgia,0.42961083183066945,0.0007594832526664293,16459.777777777777,0.13271604938271606,NOUN,nostalgia,0.66,14.493146145772165,0.8,3.2916270178017846,0.8848202544621582
nostalgic,0.3240883734339247,0.0006047950527336085,15413.555555555555,0.12962962962962962,ADJ,nostalgic,0.68,14.467439963009546,0.6,3.4559409898051547,0.9215644061477943
nostrils,0.3880913960507503,0.0010188185245644241,7720.666666666667,0.08950617283950618,NOUN,nose,0.56,11.647213798673745,0.4,3.34370950211411,0.9489417399211234
notable,0.25883750783265325,0.0008705493332421189,9578.0,0.024691358024691357,ADJ,notable,0.66,12.0879420844115,0.2,3.4210061816235844,0.898451418067183
notably,0.6442270366708331,0.0014559295575692043,5598.444444444444,0.1728395061728395,ADV,notably,0.54,10.110258119168856,0.9,3.0697813622111436,0.7574700216456194
notch,0.8874382974932363,0.0020101993289737565,4901.777777777777,0.19268077601410935,NOUN,notch,0.48,6.489231455997414,1.0,2.44276416381051,0.8932394678394037
note,0.8851740082339954,0.001417098811791495,9128.0,0.15740740740740738,NOUN,note,0.68,9.084530044734638,1.0,2.501104299488351,0.9047888300492168
noted,0.4760162623424146,0.0012503987577507612,8795.333333333334,0.20811287477954143,VERB,noted,0.6,12.01826113150184,0.5,3.2194816978700147,0.9231228464361596
notes,0.47165767375491224,0.0012977809096216993,11170.666666666666,0.1419753086419753,NOUN,notes,0.58,12.307085080534145,0.6,3.1788188684852927,0.9145157953862728
noteworthy,0.26511264380253874,0.0009181721899653427,9950.0,0.07231040564373897,ADJ,bad,0.6,12.877458597274542,0.2,3.4626077763643126,0.9019756281277547
nothin,0.5198336364976256,0.0018229451048882924,5158.444444444444,0.13271604938271606,PRON,nothing,0.56,9.893796254773635,0.7,2.92030285824593,0.42263833687027824
nothing,0.8821822124849895,0.0035363116983250023,2406.8888888888887,0.22354497354497355,PRON,nothing,0.5,5.0924441602561075,1.0,1.951014525805397,0.2871815003365782
nothingness,0.3952740214454589,0.0008130235781432136,11489.777777777777,0.11728395061728396,NOUN,nothing,0.66,14.00581268708052,0.6,3.3319283318806683,0.7256507433665556
nothings,0.6864772429592004,0.0022202433050010012,4362.0,0.2037037037037037,NOUN,nothing,0.42,7.294649273140594,1.0,2.787419851465594,0.5029884393430046
noticable,0.32423463623971055,0.0008447704576480922,10800.0,0.07407407407407408,ADJ,noticeable,0.6,12.262729190811493,0.4,3.4596518549321034,0.8565092828941641
notice,0.6666010437369877,0.001739059069540784,7234.222222222223,0.22354497354497355,VERB,notice,0.52,9.365590697614806,0.9,2.799958855523793,0.9248717116024465
noticeable,0.32192684694681234,0.0007507312727310129,11788.666666666666,0.12037037037037036,ADJ,noticeable,0.6,12.326518208337916,0.5,3.473505553774525,0.929988132949916
noticeably,0.47032679227569424,0.0017865512459299222,5357.555555555556,0.1728395061728395,ADV,much,0.6,10.74518411377812,0.7,3.115376195052588,0.7144616974308209
noticed,0.7386650151466337,0.0015502780920759096,4696.444444444444,0.24338624338624337,VERB,noticed,0.46,8.071511522137254,0.9,2.685099822080149,0.9509103316400974
notices,0.5087586948371329,0.0012115953458299031,9362.666666666666,0.18033509700176367,VERB,notices,0.58,11.118829868869081,0.7,3.1487314988975963,0.925235666909918
noticing,0.35343290879441747,0.0013616083596282504,11108.666666666666,0.13271604938271606,VERB,noticing,0.62,12.11524911521353,0.4,3.27696836842624,0.857709700625539
notification,0.24920645469786148,0.0008038108330864062,11081.333333333334,0.07716049382716049,NOUN,message,0.6,13.667071113214588,0.2,3.3942424216110054,0.8897907311159846
notified,0.6445889127314306,0.0020132070787625134,4829.333333333333,0.3955026455026454,VERB,notified,0.34,8.58256524777732,0.5,2.9381241037004635,0.9347890561751505
notify,0.6338025874845058,0.0022328965139909035,4162.666666666667,0.318342151675485,VERB,inform,0.36,8.669254979451898,0.3,2.888543459364333,0.9101608296113024
noting,0.8233861408279638,0.0019357572736623144,4867.555555555556,0.3492063492063492,VERB,noting,0.44,6.776054135573902,0.9,2.5039988040729506,0.7325942720002205
notion,0.6953773921873796,0.0015970746587540522,4789.777777777777,0.20811287477954143,NOUN,idea,0.48,8.450903469829525,1.0,2.833456161321137,0.9888215324454525
notions,0.748294330878125,0.00136315502998437,5498.888888888889,0.27425044091710754,NOUN,notions,0.52,8.09090331390257,0.9,2.870103018359526,0.9881837350109757
notoriety,0.4637639392349305,0.0013350421653250187,9440.888888888889,0.17548500881834217,NOUN,attention,0.54,11.023625440318778,0.4,3.312346870341954,0.9692162026438547
notorious,0.5642508320079588,0.0011008182737700435,8398.222222222223,0.3249559082892416,ADJ,notorious,0.42,10.167729636380233,0.5,3.199719313162196,0.8578705262345092
notoriously,0.6460250567490811,0.001741319007208811,3350.6666666666665,0.23897707231040569,ADV,very,0.44,7.410967193440125,0.8,3.000525025604282,0.4504479854307487
notre,0.776911583644866,0.003933974128093215,1428.888888888889,0.5410052910052909,PROPN,Notre,0.22,3.630880077166786,0.6,2.4128707664068827,0.8035675492220458
notwithstanding,0.39350689424249463,0.0013176443758611796,6341.333333333333,0.19576719576719576,VERB,aside,0.42,10.558817708769523,0.3,3.083895921418534,0.6946643759519171
noun,0.6094043042772342,0.0017132454305471311,7363.555555555556,0.20811287477954143,NOUN,noun,0.52,10.78321607284528,0.8,2.921799222259899,0.9406808682349365
nova,0.312093557557312,0.0007828540571445061,10006.0,0.12962962962962965,NOUN,nova,0.6,12.713216362616679,0.3,3.3902598599802083,0.8023732707941879
novel,0.44769739286509985,0.0007222093931005638,13455.555555555555,0.22795414462081126,NOUN,new,0.58,12.671687684539442,0.5,3.365410541126818,0.9463656790737256
novels,0.7040963733042381,0.0012164486144074181,5641.555555555556,0.2896825396825397,NOUN,novels,0.48,8.865392017303428,0.8,2.9637816125330727,0.973206172073046
novelty,0.4189101168517059,0.0008692508766321225,14743.111111111111,0.12654320987654322,NOUN,novelty,0.74,14.285683864939712,0.9,3.4580803521622747,0.9263815895599417
november,0.47068277273950293,0.001354177384127599,4245.777777777777,0.16005291005291006,NOUN,November,0.56,9.876234264257127,0.6,3.2749649454647893,0.895235116676966
novgorod,0.4253428383588606,0.0008700647786837824,7469.555555555556,0.18474426807760141,PROPN,Kiev,0.46,11.636548706207988,0.3,3.298275410421561,0.7521890856554581
nowadays,0.5429858716579629,0.0013387032329347228,5174.444444444444,0.20811287477954143,ADV,now,0.52,9.899944039918772,0.7,2.9744261456169427,0.46311114954236976
nowdays,0.5482008688335732,0.0012667010886834023,6208.444444444444,0.2037037037037037,ADV,now,0.5,10.254805482560101,0.8,2.985041578492045,0.5038784324260953
nowhere,0.9336517730196774,0.0015405280499013489,8428.222222222223,0.15740740740740738,NOUN,nowhere,0.72,7.152768750553368,1.0,2.1046047389486744,0.2756617553889896
nows,0.6206385619892202,0.0017890601682978013,4153.111111111111,0.3999118165784832,VERB,now,0.3,7.764170757750577,0.5,2.973801490747464,0.5639756377991271
npcs,0.4517861793600709,0.0010950898108945922,11829.111111111111,0.22354497354497355,NOUN,people,0.6,12.57308971769865,0.8,3.2301250980086538,0.7528195828531827
nsfw,0.191914293084506,0.0009530822508569465,12353.555555555555,0.11243386243386243,NOUN,a,0.6,15.31114755716607,0.2,3.5409159253329583,0.7861659918815219
nuance,0.2920244269357738,0.0006897522751813494,12434.666666666666,0.11419753086419752,NOUN,nuance,0.7,13.200818836132662,0.3,3.448985739869394,0.8386823735525548
nuanced,0.2842763577421782,0.0007941007003040772,12100.888888888889,0.07716049382716049,ADJ,nuanced,0.78,13.476904735634411,0.5,3.572887276292607,0.9575537443228462
nuances,0.3341015089504771,0.0005731537493160817,11120.444444444445,0.09567901234567902,NOUN,nuances,0.64,12.55966033717742,0.2,3.583321409624559,0.9780775651396943
nubian,0.3310722740482086,0.0006971881365578133,10353.555555555555,0.18033509700176367,ADJ,drag,0.52,12.804457390895045,0.6,3.515296517820798,0.8524960107496863
nuclear,0.790178625577043,0.0013236445079642452,9466.222222222223,0.1728395061728395,ADJ,nuclear,0.64,9.857442100684958,1.0,2.7531666225311566,0.8363071351415
nude,0.3720142628467165,0.001080370794207556,13294.222222222223,0.14814814814814817,ADJ,nude,0.64,13.964610314214882,0.4,3.267888265023666,0.8496014161298329
nudes,0.38806024944959433,0.0011396668916264833,7544.0,0.15255731922398588,NOUN,pics,0.6,11.480289528853591,0.3,3.3125643512578464,0.8112137404455726
nudge,0.2588093296382094,0.0008539112404751573,9273.111111111111,0.0617283950617284,VERB,nod,0.62,14.043084287599239,0.2,3.246976721164361,0.962432722303077
nudity,0.3618822905169472,0.001123330795157206,10238.444444444445,0.13271604938271606,NOUN,nudity,0.6,11.692762653636406,0.4,3.3207739828887126,0.851164723873817
nuff,0.6439386791242707,0.0018794621829132533,3877.1111111111113,0.30952380952380953,NOUN,he,0.36,8.190989522348223,0.8,2.9305237386060994,0.4419963618550855
nuffin,0.30676129513752515,0.0015202006565411658,6522.0,0.12037037037037036,NOUN,</s>,0.54,13.563500054978151,0.4,3.13463941334176,0.5894506059045723
nugget,0.14139393793772617,0.0007745413039895373,14920.222222222223,0.024691358024691357,NOUN,says,0.76,15.43963351375511,0.2,3.5184562046558376,0.882711222347686
nuggets,0.2448991015219809,0.0006402954119275104,10806.888888888889,0.07407407407407408,NOUN,dust,0.68,14.102067710816248,0.1,3.485874914544896,0.8768297202516486
nuisance,0.5681155233701123,0.001359535395397453,10362.888888888889,0.18827160493827164,NOUN,nuisance,0.54,11.115415573142027,0.6,3.2835961479539826,0.9846096971285817
nuke,0.3340918636044748,0.0008588242527119873,11672.444444444445,0.15255731922398588,VERB,bomb,0.6,13.128829065942,0.4,3.3784309745349765,0.8546513386482066
nuked,0.3511785110112209,0.0009905951127310718,9573.555555555555,0.167989417989418,VERB,it,0.58,12.214882053147498,0.2,3.4082701685565837,0.8572166912518208
nukes,0.16475855003417816,0.0007484484892545034,15704.888888888889,0.05246913580246913,NOUN,bombs,0.82,15.413176920455205,0.2,3.5423003794355843,0.8531894493146304
nuking,0.38949170054777366,0.0008214643710050414,8886.444444444445,0.14947089947089945,VERB,bombing,0.48,10.931548353660757,0.6,3.292573403890556,0.745559332693328
null,0.7619956946360079,0.0019630120176809904,8394.666666666666,0.12654320987654322,ADJ,null,0.64,10.366546254038843,1.0,2.525348854011372,0.9195366316179167
nullified,0.20020947058004793,0.0006446908252299576,12875.333333333334,0.07407407407407408,VERB,advertisement,0.64,15.099893985466416,0.2,3.6587570205286633,0.9527014342029483
nullify,0.2478576493327948,0.0005975777529934516,10294.222222222223,0.037037037037037035,VERB,change,0.76,13.065780268916766,0.3,3.5486347927058675,0.9550665487405757
numb,0.5469997597280982,0.0008669684801848053,11601.777777777777,0.1111111111111111,ADJ,numb,0.68,12.296020298139759,0.9,3.2550762112286398,0.8969347559837371
numba,0.6050393704068824,0.0014970467548895844,4414.888888888889,0.3205467372134039,VERB,number,0.44,8.799364862604858,0.8,3.02170099892041,0.5904153127744872
number,0.9445567204434001,0.001415363682623086,6619.555555555556,0.15740740740740738,NOUN,number,0.62,6.780191230811129,1.0,2.1518152743610313,0.9512934124067487
numbered,0.9446072396863799,0.002108487485390334,4445.333333333333,0.20811287477954143,VERB,numbered,0.58,6.148604370514671,1.0,1.9358918375200596,0.8404565229122382
numbers,0.5753083451465015,0.0009287406489785309,13504.666666666666,0.1111111111111111,NOUN,numbers,0.78,13.182688251551362,0.9,3.166613197613581,0.9312916905042045
numbing,0.5377904666236719,0.0015612389041136947,5320.444444444444,0.2940917107583774,VERB,blowing,0.36,8.209892127381332,0.4,3.0302443590633024,0.9499724214818788
numbnuts,0.48463710205715216,0.0014530026941965235,2942.0,0.2385361552028219,NOUN,</s>,0.44,8.51686607461555,0.2,3.1075897675747877,0.5875324856980939
numerals,0.18462826326876047,0.0007180992994886064,14008.888888888889,0.09259259259259259,NOUN,</s>,0.78,15.854266069867151,0.3,3.523720757966049,0.8446938760367146
numerical,0.5176608228135556,0.0013947784329963247,10153.111111111111,0.15740740740740738,ADJ,numerical,0.62,12.588695212460694,0.9,3.283470878561527,0.8947073086182951
numerology,0.15311183454953786,0.0005755731205763043,15162.0,0.06481481481481481,NOUN,</s>,0.74,16.089649570349152,0.2,3.5610714105712162,0.9159568303007916
numerous,0.5880555383168766,0.0009944904101040943,7283.333333333333,0.2125220458553792,ADJ,many,0.44,9.954517976584523,0.5,3.1327164380173738,0.8155820657766458
nuns,0.49955063255635984,0.0018217215405425704,6546.888888888889,0.19576719576719578,NOUN,nuns,0.44,9.9336649536296,0.4,3.1939921687084882,0.8706007153930446
nuremberg,0.18364664696992705,0.000650134605429944,15154.444444444445,0.07716049382716049,NOUN,Auschwitz,0.78,14.968051735579138,0.2,3.5862026717227957,0.8924262432796395
nurse,0.42655101577332466,0.0009439671421361709,12271.555555555555,0.12962962962962965,NOUN,nurse,0.66,13.255718607511998,0.7,3.265365400345135,0.915793292000299
nursery,0.39369841154785784,0.0009789079925797061,10550.666666666666,0.18827160493827164,NOUN,nursery,0.54,12.546842115077801,0.5,3.23720925628216,0.933449490313796
nurses,0.7284890689350179,0.0014394485837625481,7126.444444444444,0.20811287477954143,NOUN,nurses,0.54,9.009541590568555,1.0,2.9240518373223283,0.901739000719906
nursing,0.8608998886003854,0.0021589428916288455,4821.111111111111,0.23897707231040563,NOUN,nursing,0.52,8.170552987182873,1.0,2.384080132798519,0.854343697341348
nurture,0.5729474532245613,0.001743929409455992,9385.777777777777,0.1111111111111111,VERB,nurture,0.62,11.919483612887351,1.0,3.057787123912301,0.9155422212185342
nurturing,0.27006259562747525,0.0008513783228220232,12616.0,0.07407407407407407,VERB,nurturing,0.66,13.92364672090836,0.4,3.543322490830775,0.907361745356323
nutcase,0.32645490739985317,0.0008118586902687805,9296.666666666666,0.08950617283950618,NOUN,er,0.62,12.610945638384734,0.2,3.518641415138011,0.9668862438513497
nuthin,0.5014933573354416,0.0016403830161741814,6038.222222222223,0.19576719576719576,NOUN,it,0.44,10.52668306002385,0.4,3.12475508643694,0.45833140406769707
nutjob,0.2770476480729431,0.0009122533693249202,9391.111111111111,0.0617283950617284,NOUN,person,0.66,12.82772631737081,0.3,3.55576515714554,0.9306083858894357
nutjobs,0.5254906248817094,0.0012572465929743533,9382.888888888889,0.12654320987654322,NOUN,people,0.62,12.26337513096574,1.0,3.2794720224468916,0.949151007738811
nutrient,0.7081662500137857,0.001930628877099325,4546.0,0.16181657848324515,NOUN,nutrient,0.56,7.339034232151186,1.0,2.847969024218947,0.9417549975152106
nutrients,0.5720160315471885,0.0016689469951852763,6044.0,0.16049382716049382,NOUN,nutrients,0.48,10.273664245860033,0.9,3.0782750178422447,0.9398318244186437
nutrition,0.49102497728671235,0.001196324611346655,8280.888888888889,0.2786596119929453,NOUN,nutrition,0.42,10.693012675488095,0.4,3.22738529409355,0.9417603205209184
nutritional,0.8943167162985929,0.0018430738063976325,4696.888888888889,0.19268077601410935,ADJ,nutritional,0.54,6.640252853855549,1.0,2.419211829683543,0.9442661351760744
nutritious,0.6742672686979403,0.0014862056299706006,4998.666666666667,0.3315696649029982,ADJ,nutritious,0.4,9.00906534034751,0.8,3.0860932602025586,0.9630945044913224
nuts,0.4043589655152193,0.0007832675821788529,12747.777777777777,0.2222222222222222,NOUN,nuts,0.6,13.262285440567739,0.4,3.418825421500005,0.9156611027154108
nutsack,0.2776877678286009,0.0008287305538479767,11302.222222222223,0.06481481481481481,NOUN,penis,0.64,12.752783074607448,0.4,3.5005860198783054,0.9499844812754107
nutshell,0.9573376978084068,0.0020456147717099337,3574.222222222222,0.1882716049382716,NOUN,nutshell,0.48,5.135472207077931,1.0,1.920613524255252,0.993894427705834
nutted,0.37906938730073453,0.0011287842347239094,8032.444444444444,0.16049382716049385,VERB,got,0.54,11.7320906169356,0.2,3.404519998140681,0.8699513620590483
nutting,0.2882031456435439,0.0006918869552355977,9594.666666666666,0.07716049382716049,VERB,it,0.6,12.74590708624746,0.4,3.535219393426435,0.8283329563728966
nutty,0.32742935203614887,0.0008970297076799777,11089.111111111111,0.1080246913580247,ADJ,crazy,0.7,13.492914774958397,0.3,3.526731102811631,0.8886766300336755
nvidia,0.4309819975184996,0.0010965865204721258,7023.777777777777,0.22795414462081126,NOUN,google,0.48,10.731330437954897,0.3,3.2636074624118527,0.7764314140075689
nypd,0.5871721941425976,0.0010862721129731628,8101.555555555556,0.20811287477954143,NOUN,police,0.58,11.30765013578598,0.9,3.148764451398816,0.8637450211374702
oakland,0.2880042752230136,0.0008561097593073957,9135.777777777777,0.08950617283950618,PROPN,dc,0.66,13.202589572184129,0.3,3.413197526346844,0.8508950745646156
oath,0.8565488737187825,0.001346202650794892,9187.333333333334,0.1419753086419753,NOUN,oath,0.74,9.270205936798625,1.0,2.3682840335718405,0.969568496573938
oaths,0.3472880691580774,0.0010493735623811633,9028.222222222223,0.11728395061728396,NOUN,oath,0.58,12.47967440793763,0.7,3.369078444790746,0.9125162526303289
oatmeal,0.3197887203245983,0.00129053366925473,6579.555555555556,0.10008818342151675,NOUN,cereal,0.58,11.146455960614501,0.2,3.390020400840745,0.9549628695718851
oats,0.42468938601319267,0.0010782869792715058,8299.777777777777,0.13271604938271606,NOUN,oats,0.66,12.76452498092241,0.6,3.296810030826566,0.9241777046611539
obama,0.5077186768804848,0.0015235822318330646,7199.777777777777,0.1882716049382716,PROPN,trump,0.54,10.57142605005162,0.7,2.945349198338007,0.7069481376323059
obamacare,0.5762027735725993,0.0016082853651030059,6146.888888888889,0.2698412698412699,NOUN,Obamacare,0.48,10.097971347844288,0.7,3.101882294530683,0.7460035304428922
obamas,0.7149392504061932,0.0016886613780914416,5044.666666666667,0.3161375661375661,NOUN,the,0.38,7.783882868950599,0.5,2.9443448961428205,0.4349572682584107
obedience,0.5394249501972204,0.001248767628718462,10166.222222222223,0.22310405643738976,NOUN,obedience,0.56,11.012577209534708,0.7,3.241400265994428,0.9551327417474585
obedient,0.20345422615564995,0.0006121279291418086,13857.777777777777,0.04938271604938271,ADJ,obedient,0.76,14.77955099461209,0.4,3.5446119670766216,0.9276348480950307
obese,0.4150514262316158,0.001278479378329004,9948.666666666666,0.12962962962962962,ADJ,obese,0.72,12.306224188988535,0.6,3.149111240364338,0.8903655299782219
obesity,0.5257610544219171,0.0011303549738160062,9735.111111111111,0.12654320987654322,NOUN,obesity,0.66,12.253985233882398,0.9,3.214466819500668,0.9170852306084034
obey,0.6475441310699142,0.0012655637289841204,6821.111111111111,0.2698412698412699,VERB,obey,0.58,9.984723222048235,0.6,2.9398259570008056,0.9246627250860314
obeyed,0.48757889522886927,0.0011431524028556125,8758.444444444445,0.1419753086419753,VERB,followed,0.64,11.473541742117646,0.8,3.3713466207803515,0.9416931746037331
obeying,0.5586850692686358,0.0014061481046722868,7977.111111111111,0.15740740740740738,VERB,following,0.6,11.296495907867032,0.8,3.0832382582466065,0.8309570168715854
obeys,0.5913469199189829,0.0015939989594273094,6751.111111111111,0.22795414462081126,VERB,follows,0.48,9.9959932372486,0.9,3.0889905348558426,0.8777163478202002
obfuscate,0.3931550622329727,0.0010842507108937973,8614.444444444445,0.11243386243386246,VERB,hide,0.6,11.569772533173786,0.5,3.4790869301608445,0.9771962313546079
obfuscated,0.16553387495477834,0.000972030097147056,12404.444444444445,0.05246913580246913,VERB,er,0.62,15.022757479058198,0.3,3.528962996721103,0.932213575266854
obfuscation,0.1693581971819482,0.0005499888835284497,17550.444444444445,0.05246913580246913,NOUN,propaganda,0.78,16.145049028267227,0.3,3.6214344895722177,0.9170637593753928
obituary,0.2290743474365305,0.0008044928146588169,12484.444444444445,0.08024691358024691,NOUN,name,0.7,14.428271426409363,0.2,3.5449328185011786,0.9202090301245531
object,0.5579524343914806,0.0008936655388155842,15328.666666666666,0.12654320987654322,NOUN,object,0.8,13.865166774440898,0.9,3.0110511690442734,0.9402941224507716
objection,0.6115231293382954,0.000845449449723218,10911.333333333334,0.15740740740740738,NOUN,objection,0.6,11.48529599727305,1.0,3.277220876334403,0.9398024582633686
objections,0.4667974891866263,0.0010602487624254322,8654.666666666666,0.17724867724867727,NOUN,objections,0.58,12.163637639069448,0.9,3.3005228562032642,0.9349479769823186
objective,0.36397162531297206,0.0007199937569587847,12496.0,0.11728395061728396,ADJ,goal,0.7,13.420015673769253,0.5,3.3762219438481758,0.8889281749034852
objectively,0.29091431229995274,0.0009279615385484952,8075.333333333333,0.09700176366843033,ADV,objectively,0.62,12.281174844409538,0.2,3.3733627605755516,0.6202970288605053
objectives,0.5882160720797321,0.0014181516574810521,7471.777777777777,0.2191358024691358,NOUN,goals,0.54,9.907473360531245,0.7,3.097633107358603,0.974250322572369
objectivity,0.3302813654922779,0.0007139655024175831,9017.111111111111,0.12962962962962962,NOUN,truth,0.64,11.977839083716923,0.3,3.590911131736683,0.9329880181526521
objects,0.575647222278318,0.0011417931202501468,13520.888888888889,0.12962962962962965,NOUN,objects,0.74,12.351572682252582,0.9,3.099521961713673,0.9328874239454364
oblast,0.43595470222074617,0.0012829951844355288,5729.333333333333,0.1649029982363316,NOUN,region,0.56,11.182689166060975,0.5,3.135364358508454,0.8809799302652286
oblasts,0.49698049983619275,0.0017085486553664016,6584.666666666667,0.27380952380952384,NOUN,regions,0.42,10.450054839824325,0.6,3.1877793843993993,0.9813221996052233
obligated,0.6566017168013762,0.002662249635145511,1460.2222222222222,0.25881834215167543,VERB,going,0.3,3.877612355141652,0.5,2.637818535472425,0.9801166251295657
obligation,0.7879510633510154,0.0017583738508846118,6005.777777777777,0.18827160493827164,NOUN,obligation,0.54,7.749037876183536,1.0,2.7339955094496475,0.9950958419896414
obligations,0.4747293627990305,0.0011798980697106964,10509.777777777777,0.1728395061728395,NOUN,obligations,0.66,11.911083513679667,0.9,3.232455105861311,0.96261938855467
obligatory,0.26260931313215996,0.0008753254380749439,11888.666666666666,0.07407407407407407,ADJ,The,0.66,13.879633605737517,0.3,3.53779076433088,0.7255782940170936
oblige,0.5656438150564036,0.0016675465634513474,6657.333333333333,0.22795414462081126,VERB,help,0.6,10.065956426352784,0.9,3.2044597914713604,0.9710737223542637
obliged,0.518524351615575,0.0014985097954815616,4196.888888888889,0.20679012345679013,VERB,going,0.48,7.350947180433339,0.3,3.0740605563695675,0.968188930714273
obliterate,0.6484823161201368,0.0011915690641833604,8171.555555555556,0.2698412698412699,VERB,destroy,0.56,9.452049827334369,0.9,3.1634638341178105,0.9520502974266805
obliterated,0.4157129017836793,0.0007663125963166553,12430.444444444445,0.19576719576719576,VERB,destroyed,0.58,12.633269978096628,0.6,3.407259874550642,0.9233396096716794
oblivion,0.3882844351186984,0.0008856493857416591,10050.444444444445,0.1728395061728395,NOUN,submission,0.56,12.412644207925739,0.6,3.2714624915389843,0.8573271651202037
oblivious,0.6496356228115079,0.0017413039534797912,7138.888888888889,0.3558201058201058,ADJ,oblivious,0.48,8.876595112425587,0.8,2.941298802895285,0.9529267888799628
obnoxious,0.22456156336140287,0.0006224950997036359,11313.777777777777,0.037037037037037035,ADJ,racist,0.8,14.063996799001295,0.2,3.518930301952144,0.9050996389539533
obnoxiously,0.42571893232691427,0.0016835996824667344,6537.333333333333,0.1371252204585538,ADV,fucking,0.58,10.279253375498769,0.4,3.3501700119871094,0.6630751054265133
obongo,0.5442123310481218,0.0011183475038432675,7706.666666666667,0.2786596119929453,PROPN,trump,0.5,10.382612797868921,0.7,3.099173835953171,0.7018857631156006
obscene,0.30378611126166655,0.0008411402935277587,10082.666666666666,0.08024691358024692,ADJ,sexual,0.66,12.112751786611463,0.3,3.4974141599344053,0.8954689806715669
obscure,0.23391717665924844,0.0008161767549435362,15281.333333333334,0.037037037037037035,ADJ,obscure,0.7,14.093596859784503,0.5,3.576052424732686,0.9004110220442479
obscured,0.25772639785993734,0.000783572976532891,11400.666666666666,0.09259259259259262,VERB,obscured,0.66,14.385625711919179,0.4,3.399606623908727,0.9117786258249361
obscurity,0.8505199075673365,0.0015347073284026327,5221.111111111111,0.19268077601410935,NOUN,obscurity,0.56,7.713334207833351,1.0,2.623861902444299,0.858672510331909
observable,0.2489410830018452,0.0008333041730023262,10606.666666666666,0.0617283950617284,ADJ,observable,0.62,13.809648128003898,0.3,3.4441915341247187,0.8595773337594756
observant,0.21911515489769728,0.0006441717664232375,11994.888888888889,0.04938271604938271,ADJ,aware,0.64,14.465524488287071,0.3,3.628126702628682,0.9038185079450693
observation,0.30975466839970967,0.0006224773076754392,13657.555555555555,0.10493827160493827,NOUN,observation,0.7,13.84834650226512,0.5,3.4219297680823453,0.9258162876409562
observations,0.3791865385939311,0.0010761192395021789,9879.777777777777,0.13271604938271606,NOUN,observations,0.6,12.149210936981675,0.5,3.3372134454250912,0.9728500535379044
observe,0.5239351784150778,0.0010854317292244777,9314.222222222223,0.19268077601410935,VERB,see,0.58,11.528813299244426,0.7,3.1614955885239966,0.9346422302065474
observed,0.45947392642986945,0.0007915481672566581,11238.888888888889,0.18033509700176367,VERB,seen,0.58,12.055949810279706,0.7,3.2398558408921536,0.9393897818598601
observer,0.4709436948773012,0.0009482754557970752,12407.777777777777,0.12654320987654322,NOUN,observer,0.72,13.361656708738584,0.9,3.123476450527619,0.9386735061434127
observers,0.5591305926048613,0.0007716138840404167,12477.777777777777,0.2940917107583774,NOUN,observers,0.54,12.73438929199451,0.7,3.3646092859814134,0.9407859759323994
observing,0.41383777881002026,0.0009372793496338161,10344.888888888889,0.20017636684303353,VERB,observing,0.56,11.417545372524707,0.4,3.2142111264267776,0.8041663820521601
obsess,0.7520805884330689,0.0024855398252309874,4873.555555555556,0.21252204585537918,VERB,obsess,0.54,7.426417387070501,0.9,2.5909671779253896,0.949170655573474
obsessed,0.8550005088246112,0.0015017056154003974,8242.222222222223,0.12654320987654322,VERB,obsessed,0.7,9.212423024087608,1.0,2.666071322677186,0.9690011083759066
obsessing,0.6323792731194983,0.0017021034580868533,3638.0,0.4021164021164021,VERB,talking,0.3,7.020093272684766,0.2,3.0344547033360594,0.8819182149293727
obsession,0.7845679176513559,0.0015138215066374027,9121.333333333334,0.1728395061728395,NOUN,obsession,0.6,9.788022036064866,1.0,2.767617486382237,0.9807699811415427
obsessive,0.3209449623093982,0.0006065969999390104,15689.111111111111,0.10185185185185186,ADJ,obsessive,0.7,14.870085105056909,0.7,3.4238074710800364,0.9200712142503965
obsessively,0.3009060615860578,0.0008948773776759262,7830.444444444444,0.1080246913580247,ADV,just,0.58,12.656942707867294,0.2,3.3951070292065886,0.5390969930063055
obsolescence,0.2191203410636874,0.0007253028652482647,11869.555555555555,0.037037037037037035,NOUN,extinction,0.82,14.61067974291693,0.2,3.631698823915768,0.8661352652778603
obsolete,0.46873552428410825,0.0008542855768560219,13355.111111111111,0.15740740740740738,ADJ,obsolete,0.64,12.770146935174855,0.7,3.268051164919349,0.8832201442864228
obstacle,0.6750880886154504,0.0012535627049926272,7534.222222222223,0.1419753086419753,NOUN,obstacle,0.54,9.51618993678823,1.0,2.8908810867182195,0.9766257920097529
obstacles,0.5593479199160493,0.0012613396461676836,8968.222222222223,0.20811287477954143,NOUN,obstacles,0.5,11.227067866601537,1.0,3.149701436668198,0.937234380665813
obstruction,0.5016549417049829,0.0010703878804106254,11953.111111111111,0.14947089947089948,NOUN,obstruction,0.66,13.420695413673112,0.9,3.222768752087437,0.9722664448273391
obtain,0.74628363982881,0.0020438893577367978,4234.222222222223,0.2896825396825397,VERB,get,0.38,7.771822236095373,1.0,2.9992497346270888,0.9817577253744434
obtained,0.5690970619564905,0.0010185425797674293,7630.888888888889,0.1419753086419753,VERB,obtained,0.62,10.674173146809098,0.9,3.2932164722144583,0.9709155070956811
obtaining,0.5339512435850078,0.0016632130377321188,5686.666666666667,0.19268077601410935,VERB,getting,0.5,9.480298429568002,0.7,3.1117006914953778,0.904614203178552
obtuse,0.4714649077120216,0.0009160704101592679,9835.111111111111,0.23897707231040563,ADJ,stupid,0.5,12.162589415368608,0.4,3.3941167085116652,0.9321612505690254
obvious,0.6436812547658334,0.001409523946876022,9844.666666666666,0.2191358024691358,ADJ,obvious,0.62,10.918993630038576,0.8,3.0183078864396657,0.8632454481425432
obviously,0.28206781046137636,0.0007505633695135768,9618.222222222223,0.07407407407407408,ADV,not,0.64,12.42706326058784,0.3,3.377901456231856,0.5457188401360393
occams,0.7373566443268135,0.002070077650866758,2991.1111111111113,0.5145502645502645,PRON,the,0.28,6.03603615006838,0.3,2.9075425109612607,0.494052985012961
occasion,0.7514822400130163,0.0018539422509848112,7624.0,0.1419753086419753,NOUN,occasion,0.6,9.597292243296838,0.9,2.670460927564661,0.9255266025857187
occasional,0.7744562874477685,0.0012672923129929499,10016.444444444445,0.22354497354497355,ADJ,occasional,0.52,9.93697227176642,1.0,2.868117916050836,0.8636079855091389
occasionally,0.408258527187497,0.0009970167951731806,8234.888888888889,0.1649029982363316,ADV,occasionally,0.58,11.764104505468621,0.5,3.2467653523226545,0.3937138024281758
occasions,0.9595764505667103,0.001445118459867189,3794.0,0.1111111111111111,NOUN,occasions,0.64,4.711931855107208,1.0,1.7337889198861718,0.9880778955576422
occult,0.2361729701424046,0.0008858181480290296,14667.111111111111,0.08024691358024691,ADJ,occult,0.72,14.704387231172356,0.4,3.497418031739926,0.9064456270993091
occultism,0.21569260981815627,0.0007256570986622455,11293.111111111111,0.024691358024691357,NOUN,ism,0.72,14.200046835942649,0.2,3.5549390008893447,0.9087377549601692
occultist,0.3964159641774645,0.0008815162632699965,12764.222222222223,0.16049382716049382,NOUN,atheist,0.68,13.887137950105881,0.8,3.457232527678502,0.877250289818061
occultists,0.282223564332242,0.0006567666673765975,12613.111111111111,0.14770723104056438,NOUN,they,0.6,14.460221678138772,0.3,3.6103161657935603,0.8342313348091132
occupants,0.3163523671713378,0.0007097847549637871,11086.666666666666,0.11419753086419752,NOUN,people,0.58,12.746683829481817,0.4,3.502753691084883,0.9328610142952749
occupation,0.38510777689547804,0.0007296285978464722,11344.222222222223,0.1450617283950617,NOUN,occupation,0.74,13.141696443926245,0.6,3.35147409394501,0.9200617432445076
occupational,0.2880593017463896,0.0012192172607531063,12291.333333333334,0.11419753086419752,ADJ,occupational,0.58,13.980939964925758,0.5,3.412510064180142,0.9125918418272253
occupations,0.4039879519498317,0.0009153702340476946,9286.0,0.17901234567901236,NOUN,wars,0.52,11.6204427041992,0.4,3.302112170428059,0.9734769521301223
occupied,0.36593693251332543,0.000830526716587808,10372.888888888889,0.08641975308641975,VERB,occupied,0.76,12.449087854154278,0.7,3.2909788639128146,0.9036056540884857
occupiers,0.2215892569930944,0.0008571183313897732,10153.777777777777,0.05246913580246913,NOUN,</s>,0.64,13.681181452766783,0.1,3.5231178744452607,0.9277473448520912
occupies,0.5592786485953705,0.0015994204355108043,5096.444444444444,0.16049382716049382,VERB,occupies,0.5,9.161366674210702,0.6,3.1081693260474204,0.8778488269073564
occupy,0.4337039176914539,0.0007987343077322147,9047.777777777777,0.20679012345679013,VERB,occupy,0.44,10.496757877621985,0.3,3.1545307936389455,0.8785066233222156
occupying,0.5217411504136505,0.0014612759101501828,7386.0,0.24206349206349204,VERB,occupying,0.54,9.9685128569674,0.5,3.076066590630151,0.7459937226647162
occur,0.8932557121920159,0.0020608264897335705,2017.3333333333333,0.30952380952380953,VERB,happen,0.4,3.9482012808509066,0.6,2.1501338050800647,0.9486509715331737
occured,0.8443157754554423,0.0018741371409602033,2775.3333333333335,0.2698412698412698,VERB,occurred,0.48,4.727581738978397,0.7,2.096589534984243,0.8891193022403276
occuring,0.75931197410897,0.0019537244107000326,8011.333333333333,0.2896825396825397,VERB,happening,0.54,9.060982936370918,0.9,2.6676916520653022,0.8897168252402677
occurred,0.9122491624547204,0.0024288149502819964,2422.8888888888887,0.2896825396825397,VERB,occurred,0.44,4.064319348453905,0.5,1.9031614860281092,0.9320346144347382
occurrence,0.6476416658389588,0.0011449542500475247,6632.222222222223,0.20370370370370372,NOUN,occurrence,0.56,9.19481348936878,0.8,2.9892478010406074,0.9842477893909146
occurring,0.7597805362496769,0.0017046885358841162,8042.0,0.2896825396825397,VERB,occurring,0.54,8.41616316531868,0.6,2.57660716867287,0.8950785145982637
occurs,0.8694857892021683,0.003153028894434087,1896.2222222222222,0.39550264550264547,VERB,happens,0.44,4.021577191517892,0.7,2.2198292703927045,0.9094422823474151
ocean,0.6747392856057061,0.0010951292056665912,7708.0,0.25,NOUN,ocean,0.54,10.26439136023894,1.0,3.0205153557541307,0.9889838386158523
oceania,0.4558990098762229,0.0010679279229414195,5062.222222222223,0.18827160493827164,PROPN,you,0.48,9.66765873916049,0.2,3.268328380046298,0.7595815431139165
oceans,0.5017623282264188,0.0011011255233264602,9620.888888888889,0.1728395061728395,NOUN,oceans,0.58,11.015778853446925,0.6,3.20296050831272,0.9218187055992342
oclock,0.6562382841029476,0.0035624984658496864,1209.3333333333333,0.2742504409171076,NOUN,am,0.36,6.495022892307578,0.6,3.086071347529083,0.8184705430241108
october,0.48002464034514614,0.0019073175596010874,4216.0,0.1847442680776014,NOUN,October,0.36,8.12302768472293,0.3,3.194681312917303,0.8515443593375599
octopus,0.30870617776362336,0.0009403166542724293,12370.222222222223,0.0617283950617284,NOUN,animal,0.68,14.263172175250864,0.5,3.4078643463284335,0.925791825230659
oddly,0.43286924218410483,0.0010196450310420704,7274.0,0.1649029982363316,ADV,Interestingly,0.46,10.244011388398015,0.2,3.3261880604493124,0.621719633645157
odds,0.853730856442887,0.0016423414448150182,8224.666666666666,0.2588183421516755,NOUN,odds,0.58,7.062168213965894,0.9,2.212017097445577,0.9375148415101922
oder,0.6271212242483379,0.0024017154507811624,5652.666666666667,0.15740740740740738,NOUN,und,0.68,12.165493527843449,0.9,2.647528522445372,0.8683373833370911
odessa,0.48308152278444233,0.0014786727675444328,8785.333333333334,0.2698412698412698,PROPN,Donetsk,0.46,11.144644195666455,0.4,3.214429176295829,0.7585507616337283
odin,0.62143892077609,0.000937932123243601,8602.0,0.15740740740740738,NOUN,god,0.6,11.010657556873227,0.9,3.117244788006132,0.6922460330806646
oding,0.5572466865244476,0.001676015093015005,8065.777777777777,0.2940917107583774,VERB,high,0.46,10.408210336067564,0.7,3.3445023883101443,0.8403793762072491
odor,0.6580809455241878,0.0011980503368156257,7496.666666666667,0.25,NOUN,odor,0.54,10.273861630062,0.7,2.9598257780240607,0.9636000580791764
odysee,0.9638763073531094,0.003774527257952574,584.2222222222222,0.455026455026455,NOUN,twitter,0.34,1.808569498759887,1.0,1.1800174134028398,0.9746610921755586
odyssey,0.3088365355108219,0.0007829333286843645,9271.555555555555,0.08950617283950618,NOUN,opera,0.52,12.553778485702429,0.4,3.3929217027577847,0.9066954681095989
ofcourse,0.2597947487812331,0.0008995595089275232,8006.222222222223,0.07407407407407408,ADV,and,0.6,13.614415301631965,0.3,3.36716180208938,0.5039990510920604
offed,0.8500884884842332,0.0011090134143373004,7242.222222222223,0.19268077601410935,VERB,killed,0.5,9.730025907823123,1.0,2.8255161797054016,0.9428007976717108
offence,0.5356623689256375,0.0014608140924913461,7437.777777777777,0.20370370370370372,NOUN,offense,0.6,11.338069801401632,0.7,2.8931107246910486,0.9634567821328768
offences,0.6717056580563907,0.002150861205054707,3195.3333333333335,0.22795414462081126,NOUN,offences,0.46,7.216764412457092,0.6,2.643734704417919,0.9649508320553588
offend,0.531786475838283,0.0011115711660694342,8263.333333333334,0.18827160493827164,VERB,offend,0.54,11.341683628517336,0.7,3.1758134103581144,0.9046223707022408
offended,0.6716758521657851,0.0009678432357993966,8197.555555555555,0.16181657848324515,VERB,offended,0.68,10.763360432903502,1.0,3.1850344420030243,0.9650562052554749
offender,0.9011464322473228,0.0011319523837679298,4589.333333333333,0.15740740740740738,NOUN,offender,0.5,7.752004499603943,1.0,2.4363026661405347,0.9595959471353714
offenders,0.804397979542504,0.001513936601952314,6204.222222222223,0.23897707231040563,NOUN,offenders,0.52,8.186579920097358,1.0,2.7946063512252324,0.965148694745406
offending,0.4602836400256043,0.0008426103542983762,11225.333333333334,0.1450617283950617,VERB,offending,0.62,12.193016860888152,0.7,3.3442387430259273,0.8850310524782158
offends,0.5828234046415948,0.0016812016395234026,5033.333333333333,0.2588183421516755,VERB,bothers,0.44,8.381496930154713,0.6,3.0479052918499527,0.8483523181189477
offense,0.7288996864957122,0.0011852425542757735,8234.222222222223,0.22354497354497355,NOUN,offense,0.54,9.520835551073567,1.0,2.9132832764838037,0.9422278777733849
offenses,0.5018538880665749,0.001411429768867591,7232.444444444444,0.2544091710758377,NOUN,crimes,0.52,10.992121324521118,0.6,3.0940909305244455,0.9581999387886059
offensive,0.5917061921158039,0.0010452848737314664,11861.555555555555,0.17724867724867727,NOUN,offensive,0.62,12.431939050038098,0.9,3.242401107555488,0.9570864259504999
offensives,0.3471732334618086,0.0013780519927524683,8926.888888888889,0.12037037037037039,NOUN,war,0.66,12.494082247477015,0.2,3.3249146649456236,0.9199423625854155
offer,0.7273993392133047,0.001595842335144546,6627.111111111111,0.22795414462081126,VERB,offer,0.5,9.01898363547788,0.9,2.770092156700637,0.975641254293618
offered,0.7568035254160602,0.0012013596870268195,6825.111111111111,0.17724867724867727,VERB,offered,0.6,8.82117714958698,1.0,2.779812968089398,0.9318188211662252
offering,0.712525569582066,0.0013555616842722382,6854.888888888889,0.23897707231040563,VERB,offering,0.52,8.779362745763258,1.0,2.7998585826295206,0.8651875878241633
offerings,0.6499504149595138,0.0009211514629715086,10813.555555555555,0.12654320987654322,NOUN,offerings,0.58,11.295030273327251,0.9,3.144667109165892,0.9511047695860906
offers,0.569607233680538,0.0010085935231423828,8248.666666666666,0.12962962962962965,VERB,offers,0.54,10.493828769064432,0.8,3.0239337314734724,0.9041784912928067
office,0.8191494970320375,0.001257506107525514,11730.888888888889,0.1419753086419753,NOUN,office,0.66,9.950220227431844,1.0,2.65524803626029,0.9339483489484461
officer,0.7688520023297004,0.0011039306763240592,10919.333333333334,0.12654320987654322,NOUN,officer,0.74,10.543140367514846,1.0,2.7582837423731474,0.881491058999484
officers,0.655112318307206,0.0012876904045849037,7818.888888888889,0.1728395061728395,NOUN,officers,0.58,10.691702702082486,1.0,2.9481520246319444,0.9234301535265068
offices,0.4522712181355111,0.0009657158080291554,13942.888888888889,0.07407407407407407,NOUN,offices,0.74,13.49569332573219,0.7,3.2682481406958503,0.9429924261797338
official,0.70700666493881,0.0008430300463399736,12864.444444444445,0.12654320987654322,ADJ,official,0.72,12.357306914941882,1.0,3.12537117685065,0.914463560290713
officially,0.3308155579816141,0.0009924640940786665,7050.444444444444,0.09259259259259259,ADV,officially,0.66,11.103154098297063,0.5,3.260122702022025,0.5152475284603694
officials,0.786151825056851,0.0017398094348197025,6120.666666666667,0.1574074074074074,NOUN,officials,0.62,8.563699793659236,1.0,2.7308408903567014,0.9190343683708099
offing,0.8867265213022067,0.0014088594716868416,5856.0,0.1419753086419753,VERB,killing,0.62,8.363680274531994,1.0,2.5587182177829995,0.9039089092630196
offline,0.4688306972537383,0.0008202901720527245,8939.777777777777,0.26322751322751325,ADV,offline,0.48,11.175691163089612,0.6,3.293536382434089,0.5661648714228626
offload,0.46780061490365576,0.001127052531422188,5469.777777777777,0.20370370370370372,VERB,sell,0.52,9.007125773434685,0.3,3.3068215655183315,0.9945281867175583
offputting,0.418809219371351,0.001387336867954853,4795.111111111111,0.15123456790123457,ADJ,disgusting,0.52,10.492513391570535,0.2,3.529650928249142,0.9506321994353455
offs,0.8458006436462924,0.0024495410764164096,3983.777777777778,0.23897707231040563,NOUN,offs,0.54,6.44782387777449,1.0,2.194088028191213,0.7896478348020538
offset,0.331591887681343,0.0009862561652900015,13792.666666666666,0.12037037037037036,VERB,offset,0.68,14.087221248812735,0.7,3.3954143798165832,0.978865164254678
offshoot,0.4809057819622149,0.0013699287790171805,9706.444444444445,0.12654320987654322,NOUN,extension,0.6,11.861049895601784,0.7,3.2227742571788243,0.9824593239766826
offshore,0.23681228391280287,0.001309606203472934,12872.0,0.04938271604938271,NOUN,offshore,0.7,14.74609020034192,0.6,3.2813038479942898,0.7881839715206668
offspring,0.5855965193864097,0.0009875043454275602,8024.0,0.30952380952380953,NOUN,children,0.42,10.71085505681419,0.8,3.189099036890764,0.9543766622574689
offsprings,0.4274686488308044,0.001146434246562393,8698.666666666666,0.12169312169312169,NOUN,children,0.56,11.733551882839972,0.6,3.3743421356977104,0.9499940013651885
offtopic,0.1500352515465201,0.0007457536196755314,10944.666666666666,0.037037037037037035,ADJ,it,0.76,15.310346332331594,0.1,3.535967976280152,0.7164779830237806
often,0.7505471486048411,0.0018915295391462058,4852.444444444444,0.17724867724867727,ADV,often,0.58,9.283011303125345,1.0,2.7857636374064483,0.35963469184308783
oftentimes,0.3996092275474497,0.0012534479772891712,5551.777777777777,0.18827160493827164,ADV,sometimes,0.54,10.665974740763327,0.4,3.2285439899864996,0.29438549355730737
ogre,0.29958500143579925,0.001007947249392394,11495.777777777777,0.07407407407407408,NOUN,over,0.7,14.177930070722029,0.5,3.5087546293119174,0.7741307857326338
ogres,0.32592681556366626,0.0009401965627238383,7031.777777777777,0.15255731922398588,NOUN,men,0.56,12.148978133943258,0.2,3.3438879062346487,0.8233728478126185
ohio,0.11291360750114016,0.0005194325592727319,15886.0,0.024691358024691357,PROPN,Israel,0.74,16.42114795034337,0.2,3.6460520577061515,0.8106588923794542
oils,0.7227273990521432,0.001968687310428964,5667.555555555556,0.31393298059964725,NOUN,oil,0.4,8.427361016853958,0.9,2.592615037374824,0.9778625212390839
oily,0.2512551083552408,0.0009116469127974573,10241.777777777777,0.04938271604938271,ADJ,oily,0.72,14.308788491178838,0.3,3.535350177667772,0.9194826216682461
oink,0.07394357031525348,0.0031664521592392383,3386.4444444444443,0.037037037037037035,NOUN,</s>,0.74,18.218848254702845,0.2,2.7058250380982947,0.8307659986774073
oinkers,0.32430466514520123,0.0010868918435130244,9596.0,0.13271604938271606,NOUN,people,0.6,13.524000142869234,0.4,3.3425091417497312,0.7553532397579115
okay,0.4224996016872472,0.0013845871610276123,6199.111111111111,0.17592592592592593,ADJ,ok,0.58,11.693612565593316,0.6,3.2195372566892084,0.7671149667836155
okey,0.2834522069288333,0.0008866695112415441,9254.444444444445,0.10185185185185183,ADJ,ok,0.68,13.764448838578447,0.3,3.4723220811131355,0.7930928072627237
okinawa,0.3695690622798293,0.0013144191816535924,7294.444444444444,0.12477954144620812,NOUN,Japan,0.56,11.595188271788041,0.4,3.3293276251782595,0.7349161616466412
oklahoma,0.17018458991643703,0.0007500730851193489,11775.333333333334,0.05246913580246913,PROPN,the,0.74,14.849602736235628,0.3,3.555885563974904,0.8216379909496897
olaf,0.3804983875641858,0.0008854132202821007,7933.333333333333,0.12786596119929453,PROPN,the,0.48,12.019543274954907,0.3,3.3937220958765204,0.6987925695945545
olam,0.640027945580444,0.0016980023870366819,3740.4444444444443,0.23456790123456792,NOUN,im,0.46,8.93685490564964,0.6,2.9576255814620422,0.7774947014881743
olde,0.8044138537392618,0.0019194266441856086,5553.777777777777,0.39550264550264547,ADJ,old,0.36,7.269275768145213,1.0,2.6338673433625313,0.8171981019356711
olden,0.949521383742292,0.002870331023492285,2197.777777777778,0.26322751322751325,ADJ,old,0.42,4.251772394522121,1.0,1.972596247582383,0.9085660786375553
older,0.7746155229307256,0.0019504109882194673,6835.111111111111,0.2985008818342152,ADJ,older,0.5,7.604450221997265,0.9,2.5686011964296256,0.9074763832511415
oldest,0.5455654379779746,0.0019821278105633822,5768.444444444444,0.18033509700176367,ADJ,oldest,0.52,8.371428015116635,0.8,3.053589750448331,0.828604322482833
oldfag,0.13204319990988259,0.0008868336668847883,13028.222222222223,0.040123456790123455,NOUN,one,0.76,15.705669380041867,0.2,3.4279857872112465,0.8537797642496365
olds,0.9390219338627921,0.005167993595365463,418.22222222222223,0.6243386243386243,NOUN,old,0.2,0.5462778377123041,0.9,1.0204775242992858,0.9983525096632272
oldschool,0.3303614221673232,0.0007342406671543086,11899.555555555555,0.13271604938271608,ADJ,the,0.58,13.925871874070838,0.4,3.387554609644532,0.7567257014280273
oleg,0.3791504029088109,0.0007943665319714422,6050.666666666667,0.14770723104056438,NOUN,Alexander,0.56,10.792527508277471,0.3,3.3047093762511137,0.6805456486826924
oligarch,0.20838887928026947,0.0007671130606301544,13331.111111111111,0.04938271604938271,NOUN,the,0.74,14.447979212063993,0.3,3.581367176798544,0.8876909427218429
oligarchs,0.2647237014103879,0.0011559711342786377,10986.888888888889,0.08950617283950618,NOUN,people,0.62,13.99769706511116,0.5,3.3370305918638494,0.9213585985403381
oligarchy,0.3226592730640062,0.0009405651810976005,10018.666666666666,0.1371252204585538,NOUN,government,0.64,13.082552984665815,0.2,3.33110250165537,0.955021816860838
olive,0.8792685716622047,0.00214870446879961,5272.666666666667,0.19268077601410932,NOUN,olive,0.56,7.209919650169062,1.0,2.3819751636527564,0.9352525813277263
oliver,0.5119822478041702,0.0013726458040930424,5366.444444444444,0.20370370370370372,PROPN,john,0.48,10.510875464363256,0.5,3.2050641009952527,0.8148803123246411
olives,0.2272204683351469,0.000998755738726158,9119.111111111111,0.07716049382716049,NOUN,cheese,0.64,13.943916623242261,0.2,3.5044031559831312,0.9341788613621826
olympic,0.6201186868457123,0.0009073751804612817,12059.777777777777,0.20370370370370372,ADJ,Olympic,0.62,12.278926037203977,1.0,3.1472856575927137,0.9114087746070852
olympics,0.46390636700483573,0.0012365309509619917,10389.333333333334,0.1419753086419753,NOUN,Olympics,0.68,12.615024694796986,1.0,3.311636105469521,0.9670513912257949
omar,0.3873194309685288,0.001020285656852518,10798.222222222223,0.11728395061728396,PROPN,Omar,0.64,13.569903703437213,0.9,3.385406871451594,0.7572985494193591
omega,0.7606239453003534,0.0013348658909150047,10080.222222222223,0.1419753086419753,NOUN,omega,0.68,11.264205814146544,1.0,2.6942312488570557,0.9124761999910136
omegle,0.4934153554880262,0.0016770479184403473,5771.555555555556,0.23544973544973546,NOUN,twitter,0.42,9.76200864944675,0.4,3.2078381330863683,0.8121419003694026
omen,0.29077896298960326,0.0009701771023421376,10957.333333333334,0.19576719576719573,NOUN,sign,0.48,12.986123253644273,0.3,3.3534891879868844,0.9175104302255189
omfg,0.39274909757133586,0.0011421393349765245,6498.0,0.16005291005291006,NOUN,</s>,0.6,12.029116697963426,0.4,3.2375051952623957,0.7002419287389199
omicron,0.3014780233426717,0.0011339923515039782,7856.888888888889,0.10493827160493827,NOUN,it,0.6,12.881298782817812,0.3,3.2034003096969217,0.7256212070765358
ominous,0.1732063675417484,0.0008297592381154186,14362.888888888889,0.04938271604938271,ADJ,</s>,0.7,15.330314765491071,0.2,3.599065636238417,0.8660070882284957
omission,0.8079705105453042,0.0012478733179958547,5948.888888888889,0.20811287477954143,NOUN,omission,0.46,8.893834288002186,1.0,2.9205588336559174,0.8885062069496792
omit,0.40562878098033295,0.0012961800740850867,6544.0,0.13271604938271606,VERB,ignore,0.5,10.816784747321297,0.4,3.314016622389795,0.9710540341740431
omitted,0.4038770011516787,0.001396845592882983,6997.777777777777,0.15564373897707232,VERB,omitted,0.44,11.44523319241198,0.5,3.3587871962323668,0.9286794835645447
omnipotent,0.40521947454546353,0.0009223902046503674,7257.555555555556,0.09567901234567902,ADJ,evil,0.58,10.733092945172112,0.2,3.4121814137626094,0.9191479673607794
omnipresent,0.2399248646600874,0.0009497374983113774,10175.555555555555,0.04938271604938271,ADJ,real,0.68,13.456195847554662,0.2,3.6423659753485174,0.8541738795191263
omniscient,0.42061027143564633,0.0011988467023825939,4949.555555555556,0.1080246913580247,ADJ,perfect,0.56,9.604158695078123,0.3,3.329186471517523,0.8951977117328298
onboard,0.3899823223156559,0.001156249505523443,7909.555555555556,0.10493827160493827,VERB,inside,0.66,11.482236677888924,0.3,3.32182143557529,0.7357572332937026
once,0.7391745370255802,0.0028667507802692255,4990.0,0.2588183421516755,ADV,once,0.44,7.88574708405027,1.0,2.372268300969178,0.2136676401315194
oncoming,0.5371994315506672,0.001934480084496593,7080.444444444444,0.2037037037037037,ADJ,the,0.56,10.418929016312847,0.6,3.216242367913832,0.7736183388578964
ones,0.874819632063976,0.0013584762662422125,6685.555555555556,0.2191358024691358,NOUN,ones,0.58,7.406267828801552,1.0,2.2308867059140245,0.9229469588372492
oneself,0.809718667716057,0.0023868501878950674,2738.222222222222,0.369047619047619,NOUN,oneself,0.44,5.720144902130767,0.7,2.6000131610900716,0.4614610773529108
onesided,0.7665955271098311,0.0013726762919985683,1004.6666666666666,0.5674603174603176,ADJ,long,0.16,4.045123623742327,0.7,3.705917496283562,0.9373958409104952
ongoing,0.36119597722965935,0.0006510060874939349,13606.888888888889,0.1419753086419753,ADJ,ongoing,0.62,14.06883746141322,0.5,3.447925866127754,0.8586796035101255
onion,0.5314141074944028,0.0010291262119061172,11778.888888888889,0.15740740740740738,NOUN,onion,0.68,12.44302661030159,0.9,3.2116957726080835,0.9489152573752204
onions,0.1349430904511563,0.0006801206771510372,15606.666666666666,0.012345679012345678,NOUN,onions,0.82,15.509474844137848,0.2,3.5076733635195994,0.857856538266819
online,0.398478606736888,0.0009641824421738984,10562.444444444445,0.07407407407407408,NOUN,online,0.74,14.187858063659966,0.8,3.1247508807065305,0.631536728301431
only,0.8862490951638685,0.002357632173220268,4870.666666666667,0.22354497354497355,ADV,only,0.6,6.6063422974731445,1.0,2.1012949260315352,0.21897211057453986
onset,0.569238761313628,0.001921539069772114,7522.444444444444,0.16358024691358025,NOUN,onset,0.54,9.580028359149244,0.8,2.858144568694412,0.9582689210921771
onslaught,0.28786566847741063,0.0012363822042767338,10950.666666666666,0.17592592592592593,NOUN,onslaught,0.6,13.638101431845923,0.4,3.5151448285228803,0.9654745075739418
ontario,0.31458793209011254,0.0009353236398159902,8678.888888888889,0.07716049382716049,PROPN,Canada,0.7,12.676982401772456,0.4,3.3482765779994894,0.8214021715559051
onto,0.8798157074093089,0.0031666228991986344,1332.2222222222222,0.4351851851851852,VERB,onto,0.32,4.009135609703645,0.9,2.014995230497036,0.0699977810899762
ontop,0.6334108453698444,0.001868200481119536,4511.333333333333,0.3293650793650793,NOUN,because,0.36,7.677488083991889,0.5,2.845294318377703,0.5863327319702427
onward,0.6454540652497953,0.002476451485986968,5848.888888888889,0.3492063492063492,ADV,on,0.4,9.498088376864883,0.7,2.791635110482815,0.6327917861834068
onwards,0.6003001622107471,0.001807331416164615,6150.222222222223,0.3337742504409171,ADV,onwards,0.46,9.91881074140463,0.5,2.875703586923831,0.635020782799216
ooga,0.22674099843999077,0.0008313978819325761,9003.555555555555,0.08465608465608465,ADJ,and,0.68,14.638372205070807,0.2,3.459030979015882,0.718592889686592
oops,0.2365612165485479,0.0008642617644760819,8351.777777777777,0.07716049382716049,ADV,</s>,0.6,13.310662251640519,0.3,3.4631535852740414,0.7692066166476949
oopsie,0.21233020703273894,0.0009644970050866508,11052.0,0.05246913580246913,NOUN,oh,0.7,14.504467121102676,0.3,3.382418974838889,0.8394949017427045
oozing,0.46694564145570044,0.0008787400537425257,8904.222222222223,0.19268077601410935,VERB,coming,0.48,11.441810869117957,0.6,3.28464102861287,0.8374138301749063
opec,0.40231475676448436,0.0013751584178163159,8021.333333333333,0.20326278659611996,NOUN,OPEC,0.54,11.450425734978486,0.5,3.278231744248211,0.6813057361811252
open,0.8685539427180621,0.0009296516973923369,12456.444444444445,0.12654320987654322,VERB,open,0.68,10.167312718462382,1.0,2.4929782806517773,0.8685959830714223
opened,0.8611036646020079,0.0019383704484781299,6966.222222222223,0.1419753086419753,VERB,opened,0.66,8.081334782684328,1.0,2.3730532367114994,0.9638389436637919
opener,0.9519368878784353,0.0017248517408560192,3820.8888888888887,0.20811287477954143,NOUN,opener,0.5,5.988238043074816,1.0,1.8973069057812044,0.9457731533925606
opening,0.7010540795843619,0.0013340663271303966,9730.222222222223,0.15740740740740738,VERB,opening,0.66,10.093481564800868,1.0,2.7714705178366024,0.8698186898631045
openings,0.4010567599478525,0.000912694413334152,11972.222222222223,0.18783068783068782,NOUN,openings,0.6,12.907779333047676,0.4,3.3382028620612827,0.9531070563139604
openly,0.4244166211015359,0.001048226388140302,7660.888888888889,0.15740740740740738,ADV,openly,0.6,11.567087557576762,0.7,3.3192593224033358,0.534872170606446
opens,0.8995022959955613,0.001985446083142027,7664.0,0.20811287477954143,VERB,opens,0.6,7.659227880465431,1.0,2.371376597781823,0.8993888208944307
opera,0.7588584022655528,0.0016909791119488354,10337.777777777777,0.1882716049382716,NOUN,opera,0.64,10.162245368419384,1.0,2.686697864950698,0.8648107737542496
operandi,0.9944872103130693,0.003350300641651636,1005.7777777777778,0.37345679012345673,VERB,oper,0.42,1.9061992962034655,1.0,0.7606417862481207,0.9506092895389984
operate,0.4539385329793925,0.0011921676220689608,6493.555555555556,0.20811287477954143,VERB,operate,0.48,8.763758382464458,0.4,3.1047348969854434,0.8895717447764241
operated,0.5901420115623641,0.0010821619926612263,7253.333333333333,0.283068783068783,VERB,operated,0.44,9.618614538461328,0.5,3.0272008020427146,0.9537305022486668
operates,0.6323906733624003,0.002176895843589072,5546.0,0.27865961199294537,VERB,works,0.44,7.814153130672161,0.6,2.7033656076297703,0.8704441213093359
operating,0.5831898076452382,0.0010585648771083969,13312.444444444445,0.1728395061728395,VERB,operating,0.64,12.103009790780112,1.0,3.1720195455507962,0.8637505631175646
operation,0.3934534360330433,0.001114684864945402,12600.444444444445,0.1419753086419753,NOUN,operation,0.68,12.969169680521228,0.8,3.322779754364807,0.8505786987677915
operational,0.2408012429508368,0.0006452298725152027,14588.888888888889,0.07716049382716049,ADJ,operational,0.7,13.870443181292764,0.4,3.445318508443363,0.8825219170737503
operationally,0.5592006283176372,0.0011186515839854123,6070.0,0.17724867724867724,ADV,completely,0.58,10.67107663428028,0.9,3.238621351714015,0.7201841626392543
operations,0.40246179979026697,0.0009975791280855033,13783.333333333334,0.12654320987654322,NOUN,operations,0.7,14.087586129573516,0.8,3.3101121872408426,0.9470242139335829
operative,0.3427475998642156,0.0006770220314518103,13916.888888888889,0.10493827160493827,NOUN,agent,0.6,14.033378559962728,0.3,3.40014591361817,0.8912916485456363
operatives,0.29236409182681783,0.0008277640467063845,9936.444444444445,0.0617283950617284,NOUN,agents,0.6,12.58850816640922,0.2,3.3757287707779526,0.9107087431223786
operator,0.38101768196700714,0.000831874424223371,13747.333333333334,0.11728395061728396,NOUN,operator,0.64,13.966202577340434,0.7,3.3096463127245714,0.8969258133854131
operators,0.4494653482712471,0.0006604598188119776,13490.888888888889,0.22354497354497355,NOUN,operators,0.54,13.091621257658774,0.5,3.394979254951526,0.9219147204014035
opiate,0.4448968687181904,0.0008640352101759041,9181.111111111111,0.17592592592592593,NOUN,heroin,0.46,11.206445411914899,0.4,3.273602631364453,0.9052857253439657
opiates,0.5744006387974507,0.0012121911583361932,5535.333333333333,0.23853615520282187,NOUN,drugs,0.5,9.807839318241149,0.7,3.2064203282628307,0.7965016490984563
opinion,0.8225852206026242,0.0010725990837848138,9525.777777777777,0.1111111111111111,NOUN,opinion,0.66,9.693291505328167,1.0,2.7912330536487575,0.9330682508538815
opinions,0.5530236147751074,0.001231033517771525,8162.0,0.24338624338624337,NOUN,opinions,0.5,10.40556835738961,0.7,3.2142854522876503,0.9449525263591356
opioid,0.6303355269535866,0.0012997056478418361,7693.777777777777,0.2940917107583774,NOUN,drug,0.42,9.312556661052698,0.6,3.0328664215569257,0.919236591095727
opioids,0.49716684626281854,0.0016078948455271024,6396.666666666667,0.22310405643738976,NOUN,drugs,0.48,10.37924374534005,0.6,3.134869810322693,0.874412207946602
opium,0.23140924363414564,0.0007304091351994931,11721.111111111111,0.06481481481481481,NOUN,drug,0.68,14.39159949586521,0.3,3.4184430781733006,0.9063468391039272
opponent,0.6434896101259463,0.0011216077564020854,8844.0,0.2698412698412699,NOUN,opponent,0.5,9.876128020247789,0.8,2.9976100723273325,0.9574207041270052
opponents,0.574942866478582,0.0011246030096650327,9359.111111111111,0.26763668430335097,NOUN,opponents,0.5,10.662168575721058,0.7,3.198877003240717,0.9580424660367097
opportunistic,0.1705745373415242,0.0007598238221570427,15241.333333333334,0.04938271604938271,ADJ,the,0.76,15.437371328284623,0.3,3.61841309142117,0.8293872168262373
opportunists,0.541301487433575,0.0008689004920489456,9312.888888888889,0.19268077601410932,NOUN,people,0.54,11.390621673219812,0.9,3.435858427488281,0.926823822157821
opportunities,0.7546218519052457,0.001371401420854978,7860.666666666667,0.2125220458553792,NOUN,opportunities,0.58,9.218156347924964,1.0,2.844349781091039,0.9629534287034636
opportunity,0.8858998802994574,0.001960616411371183,7027.333333333333,0.3955026455026454,NOUN,opportunity,0.42,7.34967152783881,1.0,2.4372274718229967,0.9766012348825827
oppose,0.5985783087368102,0.0017404009056761474,5407.111111111111,0.2940917107583775,VERB,oppose,0.42,8.483047445310797,0.6,2.9608645980503456,0.975432400876304
opposed,0.9354593636258548,0.002228065535750417,5953.333333333333,0.1419753086419753,VERB,opposed,0.72,6.298914501660346,1.0,1.8550419398373994,0.9546682011473108
opposes,0.6431881143217667,0.0015371064973216505,5009.333333333333,0.2962962962962963,VERB,opposes,0.38,8.32855932139345,0.8,2.777823496650235,0.8837778048486691
opposing,0.31586250227037593,0.0010672972436319597,10794.222222222223,0.13271604938271606,VERB,opposing,0.58,12.077666838097729,0.5,3.2659692361287056,0.7827704350323195
opposite,0.8694802031127524,0.0022212207873262965,5458.444444444444,0.17724867724867724,NOUN,opposite,0.62,5.999434974093622,1.0,1.9144626156088762,0.9412454826145733
opposites,0.3797300702489984,0.0009732041809974116,13820.222222222223,0.09876543209876543,NOUN,opposite,0.68,13.404449922809624,0.6,3.321343620647498,0.9497672123822166
opposition,0.38352642784841784,0.0007799433176146257,13973.777777777777,0.12962962962962965,NOUN,opposition,0.68,13.064129165871227,0.7,3.369690035814414,0.8111406847607109
oppress,0.5722186750996,0.0012269971625537249,5327.555555555556,0.30511463844797176,VERB,oppress,0.5,8.424738489411306,0.5,3.1503987841959638,0.9354707943020957
oppressed,0.5067026652357784,0.0008469936896049555,12488.222222222223,0.12654320987654322,VERB,oppressed,0.7,12.624471083057053,0.9,3.4011324259469182,0.9299556664475673
oppressing,0.3846574741405954,0.0013155658927809398,7350.222222222223,0.10185185185185183,VERB,killing,0.6,11.160273871848307,0.5,3.352258763474951,0.843713017612439
oppression,0.23517462710202597,0.0008870684583065232,14557.333333333334,0.04938271604938271,NOUN,oppression,0.74,14.362941258523657,0.5,3.4705458026439224,0.9559216252041536
oppressive,0.2593793564520423,0.0011401088691605575,13484.666666666666,0.0617283950617284,ADJ,oppressive,0.72,13.501257087863078,0.4,3.4985188197690222,0.9083878928448031
